Wave,TotTrans
4.00E-01,0.1412
4.01E-01,0.1423
4.02E-01,0.1434
4.03E-01,0.1445
4.04E-01,0.1456
4.05E-01,0.1466
4.06E-01,0.1477
4.07E-01,0.1488
4.08E-01,0.1498
4.09E-01,0.1509
4.10E-01,0.1519
4.11E-01,0.153
4.12E-01,0.1541
4.13E-01,0.1551
4.14E-01,0.1561
4.15E-01,0.1573
4.16E-01,0.1583
4.17E-01,0.1594
4.18E-01,0.1604
4.19E-01,0.1614
4.20E-01,0.1624
4.21E-01,0.1635
4.22E-01,0.1645
4.23E-01,0.1655
4.24E-01,0.1665
4.25E-01,0.1676
4.26E-01,0.1687
4.27E-01,0.1697
4.28E-01,0.1706
4.29E-01,0.1718
4.30E-01,0.1728
4.31E-01,0.1737
4.32E-01,0.1748
4.33E-01,0.1758
4.34E-01,0.1767
4.35E-01,0.1777
4.36E-01,0.1788
4.37E-01,0.1799
4.38E-01,0.1809
4.39E-01,0.1817
4.40E-01,0.1827
4.41E-01,0.1838
4.42E-01,0.1847
4.43E-01,0.1855
4.44E-01,0.1866
4.45E-01,0.1874
4.46E-01,0.1885
4.47E-01,0.1897
4.48E-01,0.1906
4.49E-01,0.1916
4.50E-01,0.1927
4.51E-01,0.1937
4.52E-01,0.1946
4.53E-01,0.1956
4.54E-01,0.1966
4.55E-01,0.1976
4.56E-01,0.1985
4.57E-01,0.1994
4.58E-01,0.2003
4.59E-01,0.2012
4.60E-01,0.2021
4.61E-01,0.203
4.62E-01,0.204
4.63E-01,0.2049
4.64E-01,0.2058
4.65E-01,0.2069
4.66E-01,0.2079
4.67E-01,0.2088
4.68E-01,0.2096
4.69E-01,0.2106
4.70E-01,0.2114
4.71E-01,0.2124
4.72E-01,0.2133
4.73E-01,0.2143
4.74E-01,0.2151
4.75E-01,0.216
4.76E-01,0.2169
4.77E-01,0.2178
4.78E-01,0.2186
4.79E-01,0.2194
4.80E-01,0.2201
4.81E-01,0.221
4.82E-01,0.2218
4.83E-01,0.2228
4.84E-01,0.2238
4.85E-01,0.2246
4.86E-01,0.2256
4.87E-01,0.2265
4.88E-01,0.2274
4.89E-01,0.2281
4.90E-01,0.229
4.91E-01,0.23
4.92E-01,0.2309
4.93E-01,0.2317
4.94E-01,0.2325
4.95E-01,0.2333
4.96E-01,0.2341
4.97E-01,0.2349
4.98E-01,0.2358
4.99E-01,0.2365
5.00E-01,0.2372
5.01E-01,0.2377
5.02E-01,0.238
5.03E-01,0.2378
5.04E-01,0.2367
5.05E-01,0.2392
5.06E-01,0.2399
5.07E-01,0.2407
5.08E-01,0.2416
5.09E-01,0.2432
5.10E-01,0.2444
5.11E-01,0.2455
5.12E-01,0.2465
5.13E-01,0.2474
5.14E-01,0.2483
5.15E-01,0.2491
5.16E-01,0.2499
5.17E-01,0.2506
5.18E-01,0.2514
5.19E-01,0.2521
5.20E-01,0.2528
5.21E-01,0.2536
5.22E-01,0.2543
5.23E-01,0.2549
5.24E-01,0.2554
5.25E-01,0.2559
5.26E-01,0.2566
5.27E-01,0.2571
5.28E-01,0.2578
5.29E-01,0.2584
5.30E-01,0.259
5.31E-01,0.2597
5.32E-01,0.2604
5.33E-01,0.2611
5.34E-01,0.2619
5.35E-01,0.2627
5.36E-01,0.2635
5.37E-01,0.2643
5.38E-01,0.265
5.39E-01,0.2656
5.40E-01,0.266
5.41E-01,0.2657
5.42E-01,0.2664
5.43E-01,0.2675
5.44E-01,0.2679
5.45E-01,0.2687
5.46E-01,0.2689
5.47E-01,0.27
5.48E-01,0.2711
5.49E-01,0.272
5.50E-01,0.2729
5.51E-01,0.2738
5.52E-01,0.2747
5.53E-01,0.2755
5.54E-01,0.2764
5.55E-01,0.2772
5.56E-01,0.2779
5.57E-01,0.2786
5.58E-01,0.2793
5.59E-01,0.28
5.60E-01,0.2807
5.61E-01,0.2813
5.62E-01,0.2819
5.63E-01,0.2825
5.64E-01,0.2832
5.65E-01,0.2839
5.66E-01,0.2846
5.67E-01,0.2851
5.68E-01,0.2847
5.69E-01,0.2832
5.70E-01,0.2845
5.71E-01,0.2873
5.72E-01,0.2868
5.73E-01,0.2878
5.74E-01,0.2888
5.75E-01,0.2899
5.76E-01,0.2912
5.77E-01,0.2924
5.78E-01,0.2937
5.79E-01,0.295
5.80E-01,0.2961
5.81E-01,0.2972
5.82E-01,0.2981
5.83E-01,0.299
5.84E-01,0.2998
5.85E-01,0.3005
5.86E-01,0.3008
5.87E-01,0.3
5.88E-01,0.2952
5.89E-01,0.2865
5.90E-01,0.2863
5.91E-01,0.2923
5.92E-01,0.2889
5.93E-01,0.2963
5.94E-01,0.2943
5.95E-01,0.2911
5.96E-01,0.3004
5.97E-01,0.3002
5.98E-01,0.3033
5.99E-01,0.3056
6.00E-01,0.3081
6.01E-01,0.3106
6.02E-01,0.3121
6.03E-01,0.3135
6.04E-01,0.3146
6.05E-01,0.3157
6.06E-01,0.3167
6.07E-01,0.3177
6.08E-01,0.3187
6.09E-01,0.3198
6.10E-01,0.3208
6.11E-01,0.3219
6.12E-01,0.3229
6.13E-01,0.3239
6.14E-01,0.325
6.15E-01,0.326
6.16E-01,0.327
6.17E-01,0.328
6.18E-01,0.329
6.19E-01,0.33
6.20E-01,0.3309
6.21E-01,0.3318
6.22E-01,0.3328
6.23E-01,0.3337
6.24E-01,0.3346
6.25E-01,0.3355
6.26E-01,0.336
6.27E-01,0.3351
6.28E-01,0.3242
6.29E-01,0.3317
6.30E-01,0.3333
6.31E-01,0.3376
6.32E-01,0.338
6.33E-01,0.3409
6.34E-01,0.3427
6.35E-01,0.3433
6.36E-01,0.3447
6.37E-01,0.3456
6.38E-01,0.3471
6.39E-01,0.348
6.40E-01,0.3491
6.41E-01,0.3498
6.42E-01,0.351
6.43E-01,0.3515
6.44E-01,0.3521
6.45E-01,0.352
6.46E-01,0.3486
6.47E-01,0.3427
6.48E-01,0.3391
6.49E-01,0.3431
6.50E-01,0.3503
6.51E-01,0.3519
6.52E-01,0.3432
6.53E-01,0.3553
6.54E-01,0.3556
6.55E-01,0.3528
6.56E-01,0.3548
6.57E-01,0.357
6.58E-01,0.3599
6.59E-01,0.3628
6.60E-01,0.3649
6.61E-01,0.3671
6.62E-01,0.3688
6.63E-01,0.3696
6.64E-01,0.3707
6.65E-01,0.3716
6.66E-01,0.3727
6.67E-01,0.3736
6.68E-01,0.3747
6.69E-01,0.3756
6.70E-01,0.3765
6.71E-01,0.3774
6.72E-01,0.3782
6.73E-01,0.3791
6.74E-01,0.3799
6.75E-01,0.3808
6.76E-01,0.3816
6.77E-01,0.3824
6.78E-01,0.3833
6.79E-01,0.3841
6.80E-01,0.3848
6.81E-01,0.3855
6.82E-01,0.3862
6.83E-01,0.3869
6.84E-01,0.3875
6.85E-01,0.3882
6.86E-01,0.3877
6.87E-01,0.2997
6.88E-01,0.3214
6.89E-01,0.3394
6.90E-01,0.3425
6.91E-01,0.3575
6.92E-01,0.3663
6.93E-01,0.3606
6.94E-01,0.3543
6.95E-01,0.3596
6.96E-01,0.3675
6.97E-01,0.3878
6.98E-01,0.3883
6.99E-01,0.3733
7.00E-01,0.3738
7.01E-01,0.3742
7.02E-01,0.3755
7.03E-01,0.3794
7.04E-01,0.3882
7.05E-01,0.3887
7.06E-01,0.3884
7.07E-01,0.3941
7.08E-01,0.395
7.09E-01,0.399
7.10E-01,0.3991
7.11E-01,0.4009
7.12E-01,0.4039
7.13E-01,0.4025
7.14E-01,0.4029
7.15E-01,0.3978
7.16E-01,0.3919
7.17E-01,0.3339
7.18E-01,0.3055
7.19E-01,0.2962
7.20E-01,0.2995
7.21E-01,0.341
7.22E-01,0.383
7.23E-01,0.3598
7.24E-01,0.324
7.25E-01,0.3284
7.26E-01,0.3301
7.27E-01,0.3427
7.28E-01,0.3308
7.29E-01,0.3481
7.30E-01,0.3494
7.31E-01,0.351
7.32E-01,0.3652
7.33E-01,0.3936
7.34E-01,0.4032
7.35E-01,0.4017
7.36E-01,0.403
7.37E-01,0.4028
7.38E-01,0.4143
7.39E-01,0.4169
7.40E-01,0.4205
7.41E-01,0.4262
7.42E-01,0.4287
7.43E-01,0.4313
7.44E-01,0.4339
7.45E-01,0.4354
7.46E-01,0.4364
7.47E-01,0.4375
7.48E-01,0.4384
7.49E-01,0.4392
7.50E-01,0.44
7.51E-01,0.4408
7.52E-01,0.4417
7.53E-01,0.4425
7.54E-01,0.4433
7.55E-01,0.4439
7.56E-01,0.4449
7.57E-01,0.4457
7.58E-01,0.4463
7.59E-01,0.4157
7.60E-01,0.1604
7.61E-01,0.1113
7.62E-01,0.2741
7.63E-01,0.2147
7.64E-01,0.2331
7.65E-01,0.2913
7.66E-01,0.3493
7.67E-01,0.3948
7.68E-01,0.4192
7.69E-01,0.4379
7.70E-01,0.4467
7.71E-01,0.4531
7.72E-01,0.4547
7.73E-01,0.4559
7.74E-01,0.4569
7.75E-01,0.4578
7.76E-01,0.4586
7.77E-01,0.4593
7.78E-01,0.4599
7.79E-01,0.4606
7.80E-01,0.4612
7.81E-01,0.462
7.82E-01,0.4627
7.83E-01,0.4634
7.84E-01,0.464
7.85E-01,0.4635
7.86E-01,0.4629
7.87E-01,0.4577
7.88E-01,0.4551
7.89E-01,0.4488
7.90E-01,0.4447
7.91E-01,0.4491
7.92E-01,0.4523
7.93E-01,0.4539
7.94E-01,0.4667
7.95E-01,0.4643
7.96E-01,0.4483
7.97E-01,0.4495
7.98E-01,0.4626
7.99E-01,0.4628
8.00E-01,0.4589
8.01E-01,0.4523
8.02E-01,0.4581
8.03E-01,0.4547
8.04E-01,0.4587
8.05E-01,0.4651
8.06E-01,0.4712
8.07E-01,0.4708
8.08E-01,0.4704
8.09E-01,0.4662
8.10E-01,0.4619
8.11E-01,0.4555
8.12E-01,0.4447
8.13E-01,0.4225
8.14E-01,0.3922
8.15E-01,0.3695
8.16E-01,0.3607
8.17E-01,0.3646
8.18E-01,0.362
8.19E-01,0.3946
8.20E-01,0.3953
8.21E-01,0.4518
8.22E-01,0.4264
8.23E-01,0.3076
8.24E-01,0.4005
8.25E-01,0.4505
8.26E-01,0.4242
8.27E-01,0.4451
8.28E-01,0.4003
8.29E-01,0.408
8.30E-01,0.4255
8.31E-01,0.4352
8.32E-01,0.4222
8.33E-01,0.4435
8.34E-01,0.4445
8.35E-01,0.4666
8.36E-01,0.46
8.37E-01,0.4724
8.38E-01,0.4743
8.39E-01,0.484
8.40E-01,0.4879
8.41E-01,0.4843
8.42E-01,0.4902
8.43E-01,0.4963
8.44E-01,0.4933
8.45E-01,0.4993
8.46E-01,0.5008
8.47E-01,0.5031
8.48E-01,0.5017
8.49E-01,0.5013
8.50E-01,0.5023
8.51E-01,0.5013
8.52E-01,0.5013
8.53E-01,0.505
8.54E-01,0.5043
8.55E-01,0.5061
8.56E-01,0.5074
8.57E-01,0.5087
8.58E-01,0.5094
8.59E-01,0.5107
8.60E-01,0.5119
8.61E-01,0.5124
8.62E-01,0.5132
8.63E-01,0.5138
8.64E-01,0.5145
8.65E-01,0.5152
8.66E-01,0.5158
8.67E-01,0.5164
8.68E-01,0.517
8.69E-01,0.5176
8.70E-01,0.5182
8.71E-01,0.5187
8.72E-01,0.5194
8.73E-01,0.5199
8.74E-01,0.5205
8.75E-01,0.5209
8.76E-01,0.5212
8.77E-01,0.522
8.78E-01,0.5219
8.79E-01,0.5225
8.80E-01,0.523
8.81E-01,0.5227
8.82E-01,0.5224
8.83E-01,0.5233
8.84E-01,0.5237
8.85E-01,0.5248
8.86E-01,0.5193
8.87E-01,0.5242
8.88E-01,0.521
8.89E-01,0.5256
8.90E-01,0.5227
8.91E-01,0.5237
8.92E-01,0.5181
8.93E-01,0.5003
8.94E-01,0.4856
8.95E-01,0.441
8.96E-01,0.4106
8.97E-01,0.3776
8.98E-01,0.4006
8.99E-01,0.3168
9.00E-01,0.3864
9.01E-01,0.3446
9.02E-01,0.3687
9.03E-01,0.4083
9.04E-01,0.4709
9.05E-01,0.4639
9.06E-01,0.452
9.07E-01,0.3727
9.08E-01,0.3768
9.09E-01,0.3789
9.10E-01,0.3714
9.11E-01,0.3698
9.12E-01,0.403
9.13E-01,0.3541
9.14E-01,0.3417
9.15E-01,0.3805
9.16E-01,0.3411
9.17E-01,0.397
9.18E-01,0.3507
9.19E-01,0.4287
9.20E-01,0.4521
9.21E-01,0.4662
9.22E-01,0.4351
9.23E-01,0.4729
9.24E-01,0.4263
9.25E-01,0.4355
9.26E-01,0.4435
9.27E-01,0.4467
9.28E-01,0.3436
9.29E-01,0.2875
9.30E-01,0.2404
9.31E-01,0.2067
9.32E-01,0.1321
9.33E-01,0.1157
9.34E-01,0.0628
9.35E-01,0.1107
9.36E-01,0.0964
9.37E-01,0.0957
9.38E-01,0.0985
9.39E-01,0.2083
9.40E-01,0.2727
9.41E-01,0.221
9.42E-01,0.2302
9.43E-01,0.168
9.44E-01,0.1477
9.45E-01,0.1815
9.46E-01,0.1398
9.47E-01,0.1793
9.48E-01,0.1758
9.49E-01,0.2332
9.50E-01,0.1218
9.51E-01,0.2467
9.52E-01,0.1611
9.53E-01,0.1889
9.54E-01,0.2326
9.55E-01,0.1972
9.56E-01,0.1892
9.57E-01,0.2023
9.58E-01,0.2951
9.59E-01,0.2034
9.60E-01,0.2243
9.61E-01,0.2843
9.62E-01,0.2827
9.63E-01,0.3099
9.64E-01,0.2908
9.65E-01,0.3243
9.66E-01,0.335
9.67E-01,0.3394
9.68E-01,0.4567
9.69E-01,0.4546
9.70E-01,0.4512
9.71E-01,0.479
9.72E-01,0.4683
9.73E-01,0.4326
9.74E-01,0.3875
9.75E-01,0.4236
9.76E-01,0.3814
9.77E-01,0.4579
9.78E-01,0.4469
9.79E-01,0.4437
9.80E-01,0.4402
9.81E-01,0.5021
9.82E-01,0.4921
9.83E-01,0.4876
9.84E-01,0.5298
9.85E-01,0.5095
9.86E-01,0.5552
9.87E-01,0.5478
9.88E-01,0.5531
9.89E-01,0.5718
9.90E-01,0.5582
9.91E-01,0.5694
9.92E-01,0.5743
9.93E-01,0.5618
9.94E-01,0.5775
9.95E-01,0.5793
9.96E-01,0.5777
9.97E-01,0.5794
9.98E-01,0.5789
9.99E-01,0.5797
1.00E+00,0.5783
1.00E+00,0.5811
1.00E+00,0.566
1.00E+00,0.5808
1.00E+00,0.5789
1.01E+00,0.5818
1.01E+00,0.5823
1.01E+00,0.584
1.01E+00,0.5812
1.01E+00,0.5768
1.01E+00,0.578
1.01E+00,0.5855
1.01E+00,0.5835
1.01E+00,0.5876
1.01E+00,0.5884
1.02E+00,0.587
1.02E+00,0.589
1.02E+00,0.5885
1.02E+00,0.5906
1.02E+00,0.5873
1.02E+00,0.5887
1.02E+00,0.5913
1.02E+00,0.5911
1.02E+00,0.5892
1.02E+00,0.5854
1.03E+00,0.5939
1.03E+00,0.5933
1.03E+00,0.5927
1.03E+00,0.5929
1.03E+00,0.5946
1.03E+00,0.5964
1.03E+00,0.5963
1.03E+00,0.5974
1.03E+00,0.5982
1.03E+00,0.5987
1.04E+00,0.5996
1.04E+00,0.5995
1.04E+00,0.6003
1.04E+00,0.6007
1.04E+00,0.6011
1.04E+00,0.6016
1.04E+00,0.602
1.04E+00,0.6025
1.04E+00,0.603
1.04E+00,0.6034
1.05E+00,0.6038
1.05E+00,0.6042
1.05E+00,0.6046
1.05E+00,0.6051
1.05E+00,0.6052
1.05E+00,0.6055
1.05E+00,0.6062
1.05E+00,0.6065
1.05E+00,0.607
1.05E+00,0.6074
1.06E+00,0.6078
1.06E+00,0.6082
1.06E+00,0.6087
1.06E+00,0.609
1.06E+00,0.6092
1.06E+00,0.6099
1.06E+00,0.6101
1.06E+00,0.6099
1.06E+00,0.6097
1.06E+00,0.6109
1.07E+00,0.6095
1.07E+00,0.6117
1.07E+00,0.61
1.07E+00,0.6098
1.07E+00,0.6091
1.07E+00,0.6059
1.07E+00,0.6118
1.07E+00,0.6063
1.07E+00,0.6077
1.07E+00,0.6092
1.08E+00,0.5975
1.08E+00,0.6131
1.08E+00,0.5985
1.08E+00,0.5961
1.08E+00,0.6116
1.08E+00,0.594
1.08E+00,0.5908
1.08E+00,0.6009
1.08E+00,0.6016
1.08E+00,0.5834
1.09E+00,0.6005
1.09E+00,0.5555
1.09E+00,0.5814
1.09E+00,0.6032
1.09E+00,0.5845
1.09E+00,0.568
1.09E+00,0.5895
1.09E+00,0.5848
1.09E+00,0.5393
1.09E+00,0.581
1.10E+00,0.5438
1.10E+00,0.5253
1.10E+00,0.5867
1.10E+00,0.5159
1.10E+00,0.5151
1.10E+00,0.4818
1.10E+00,0.5015
1.10E+00,0.4711
1.10E+00,0.4691
1.10E+00,0.4736
1.11E+00,0.4746
1.11E+00,0.3992
1.11E+00,0.4796
1.11E+00,0.3961
1.11E+00,0.4119
1.11E+00,0.4309
1.11E+00,0.3402
1.11E+00,0.3901
1.11E+00,0.2414
1.11E+00,0.2596
1.12E+00,0.2363
1.12E+00,0.1495
1.12E+00,0.0769
1.12E+00,0.1837
1.12E+00,0.0904
1.12E+00,0.1025
1.12E+00,0.1444
1.12E+00,0.0465
1.12E+00,0.0806
1.12E+00,0.1162
1.13E+00,0.1056
1.13E+00,0.0486
1.13E+00,0.1173
1.13E+00,0.0748
1.13E+00,0.08
1.13E+00,0.0817
1.13E+00,0.2324
1.13E+00,0.2138
1.13E+00,0.1165
1.13E+00,0.026
1.14E+00,0.026
1.14E+00,0.0981
1.14E+00,0.2345
1.14E+00,0.2009
1.14E+00,0.2867
1.14E+00,0.2477
1.14E+00,0.1909
1.14E+00,0.2195
1.14E+00,0.2784
1.14E+00,0.1403
1.15E+00,0.1128
1.15E+00,0.1132
1.15E+00,0.0582
1.15E+00,0.2278
1.15E+00,0.2002
1.15E+00,0.1354
1.15E+00,0.2113
1.15E+00,0.186
1.15E+00,0.2306
1.15E+00,0.1709
1.16E+00,0.2698
1.16E+00,0.2737
1.16E+00,0.3317
1.16E+00,0.3135
1.16E+00,0.3291
1.16E+00,0.3359
1.16E+00,0.3714
1.16E+00,0.3918
1.16E+00,0.4887
1.16E+00,0.4701
1.17E+00,0.4253
1.17E+00,0.4091
1.17E+00,0.4667
1.17E+00,0.4903
1.17E+00,0.5038
1.17E+00,0.5193
1.17E+00,0.5189
1.17E+00,0.5404
1.17E+00,0.5105
1.17E+00,0.4089
1.18E+00,0.5355
1.18E+00,0.5827
1.18E+00,0.5483
1.18E+00,0.4655
1.18E+00,0.5723
1.18E+00,0.5487
1.18E+00,0.5406
1.18E+00,0.3888
1.18E+00,0.5603
1.18E+00,0.5337
1.19E+00,0.4857
1.19E+00,0.5854
1.19E+00,0.5411
1.19E+00,0.4449
1.19E+00,0.5333
1.19E+00,0.5818
1.19E+00,0.5464
1.19E+00,0.5854
1.19E+00,0.5824
1.19E+00,0.5835
1.20E+00,0.5541
1.20E+00,0.5576
1.20E+00,0.5877
1.20E+00,0.5717
1.20E+00,0.4966
1.20E+00,0.5742
1.20E+00,0.5462
1.20E+00,0.5463
1.20E+00,0.5646
1.20E+00,0.4933
1.21E+00,0.5697
1.21E+00,0.6217
1.21E+00,0.5692
1.21E+00,0.5734
1.21E+00,0.5759
1.21E+00,0.5933
1.21E+00,0.5872
1.21E+00,0.5452
1.21E+00,0.6063
1.21E+00,0.5705
1.22E+00,0.5604
1.22E+00,0.6211
1.22E+00,0.6091
1.22E+00,0.6253
1.22E+00,0.6169
1.22E+00,0.6254
1.22E+00,0.6272
1.22E+00,0.6105
1.22E+00,0.6176
1.22E+00,0.6234
1.23E+00,0.638
1.23E+00,0.6429
1.23E+00,0.6099
1.23E+00,0.6535
1.23E+00,0.6481
1.23E+00,0.6496
1.23E+00,0.6661
1.23E+00,0.665
1.23E+00,0.6479
1.23E+00,0.6694
1.24E+00,0.6717
1.24E+00,0.6722
1.24E+00,0.6679
1.24E+00,0.6754
1.24E+00,0.6769
1.24E+00,0.6769
1.24E+00,0.6732
1.24E+00,0.6788
1.24E+00,0.6798
1.24E+00,0.6788
1.25E+00,0.6799
1.25E+00,0.6805
1.25E+00,0.6801
1.25E+00,0.6777
1.25E+00,0.6799
1.25E+00,0.6805
1.25E+00,0.6784
1.25E+00,0.6797
1.25E+00,0.6789
1.25E+00,0.674
1.26E+00,0.677
1.26E+00,0.6739
1.26E+00,0.6749
1.26E+00,0.6754
1.26E+00,0.6648
1.26E+00,0.6637
1.26E+00,0.6462
1.26E+00,0.6394
1.26E+00,0.6285
1.26E+00,0.6168
1.27E+00,0.6251
1.27E+00,0.6163
1.27E+00,0.6376
1.27E+00,0.5973
1.27E+00,0.47
1.27E+00,0.6205
1.27E+00,0.6522
1.27E+00,0.6504
1.27E+00,0.6486
1.27E+00,0.6535
1.28E+00,0.6618
1.28E+00,0.6611
1.28E+00,0.6591
1.28E+00,0.6735
1.28E+00,0.6693
1.28E+00,0.6672
1.28E+00,0.6726
1.28E+00,0.6849
1.28E+00,0.6832
1.28E+00,0.6746
1.29E+00,0.6809
1.29E+00,0.6832
1.29E+00,0.6754
1.29E+00,0.6685
1.29E+00,0.653
1.29E+00,0.673
1.29E+00,0.6719
1.29E+00,0.6297
1.29E+00,0.6657
1.29E+00,0.6585
1.30E+00,0.646
1.30E+00,0.6258
1.30E+00,0.6033
1.30E+00,0.6327
1.30E+00,0.6511
1.30E+00,0.5791
1.30E+00,0.5772
1.30E+00,0.6359
1.30E+00,0.5661
1.30E+00,0.4959
1.31E+00,0.6008
1.31E+00,0.6019
1.31E+00,0.5185
1.31E+00,0.5597
1.31E+00,0.6029
1.31E+00,0.4806
1.31E+00,0.5659
1.31E+00,0.566
1.31E+00,0.4742
1.31E+00,0.4687
1.32E+00,0.4619
1.32E+00,0.5502
1.32E+00,0.5215
1.32E+00,0.5547
1.32E+00,0.4363
1.32E+00,0.4239
1.32E+00,0.4744
1.32E+00,0.4682
1.32E+00,0.3873
1.32E+00,0.4223
1.33E+00,0.5027
1.33E+00,0.4701
1.33E+00,0.4224
1.33E+00,0.3817
1.33E+00,0.2793
1.33E+00,0.3322
1.33E+00,0.2229
1.33E+00,0.2038
1.33E+00,0.2663
1.33E+00,0.2699
1.34E+00,0.3677
1.34E+00,0.2898
1.34E+00,0.2411
1.34E+00,0.2359
1.34E+00,0.3162
1.34E+00,0.2417
1.34E+00,0.2245
1.34E+00,0.2293
1.34E+00,0.1729
1.34E+00,0.0828
1.35E+00,0.1152
1.35E+00,0.0696
1.35E+00,0.0525
1.35E+00,0.0078
1.35E+00,0.0113
1.35E+00,0.0103
1.35E+00,0.0018
1.35E+00,0.0005
1.35E+00,0.0001
1.35E+00,0
1.36E+00,0
1.36E+00,0
1.36E+00,0
1.36E+00,0
1.36E+00,0
1.36E+00,0
1.36E+00,0
1.36E+00,0
1.36E+00,0
1.36E+00,0
1.37E+00,0
1.37E+00,0
1.37E+00,0
1.37E+00,0
1.37E+00,0
1.37E+00,0
1.37E+00,0
1.37E+00,0
1.37E+00,0
1.37E+00,0
1.38E+00,0.0001
1.38E+00,0.0001
1.38E+00,0.0001
1.38E+00,0.0003
1.38E+00,0
1.38E+00,0
1.38E+00,0
1.38E+00,0
1.38E+00,0
1.38E+00,0
1.39E+00,0
1.39E+00,0
1.39E+00,0
1.39E+00,0
1.39E+00,0.0001
1.39E+00,0.0001
1.39E+00,0.0001
1.39E+00,0
1.39E+00,0
1.39E+00,0
1.40E+00,0
1.40E+00,0
1.40E+00,0.0001
1.40E+00,0.0003
1.40E+00,0.0002
1.40E+00,0
1.40E+00,0
1.40E+00,0.001
1.40E+00,0.0012
1.40E+00,0.0003
1.41E+00,0
1.41E+00,0.0006
1.41E+00,0.0002
1.41E+00,0.0006
1.41E+00,0.0002
1.41E+00,0.0003
1.41E+00,0.0011
1.41E+00,0.002
1.41E+00,0.0155
1.41E+00,0.0017
1.42E+00,0.0004
1.42E+00,0.0319
1.42E+00,0.0163
1.42E+00,0.0075
1.42E+00,0.0033
1.42E+00,0.0043
1.42E+00,0.0098
1.42E+00,0.0425
1.42E+00,0.0139
1.42E+00,0.0184
1.43E+00,0.0241
1.43E+00,0.0392
1.43E+00,0.0525
1.43E+00,0.0031
1.43E+00,0.0334
1.43E+00,0.0969
1.43E+00,0.0895
1.43E+00,0.0021
1.43E+00,0.0461
1.43E+00,0.0349
1.44E+00,0.0281
1.44E+00,0.0497
1.44E+00,0.0323
1.44E+00,0.0208
1.44E+00,0.0579
1.44E+00,0.0514
1.44E+00,0.0454
1.44E+00,0.0394
1.44E+00,0.0652
1.44E+00,0.0885
1.45E+00,0.0516
1.45E+00,0.0292
1.45E+00,0.0636
1.45E+00,0.1713
1.45E+00,0.1591
1.45E+00,0.0505
1.45E+00,0.0307
1.45E+00,0.0973
1.45E+00,0.1375
1.45E+00,0.2401
1.46E+00,0.1062
1.46E+00,0.1405
1.46E+00,0.1843
1.46E+00,0.2472
1.46E+00,0.3112
1.46E+00,0.1693
1.46E+00,0.1377
1.46E+00,0.2075
1.46E+00,0.1111
1.46E+00,0.2766
1.47E+00,0.2008
1.47E+00,0.0808
1.47E+00,0.0531
1.47E+00,0.1351
1.47E+00,0.1477
1.47E+00,0.0612
1.47E+00,0.0376
1.47E+00,0.0627
1.47E+00,0.1033
1.47E+00,0.1783
1.48E+00,0.3442
1.48E+00,0.1343
1.48E+00,0.1101
1.48E+00,0.1357
1.48E+00,0.2096
1.48E+00,0.0968
1.48E+00,0.1826
1.48E+00,0.1365
1.48E+00,0.2968
1.48E+00,0.2573
1.49E+00,0.2338
1.49E+00,0.2092
1.49E+00,0.1291
1.49E+00,0.2093
1.49E+00,0.341
1.49E+00,0.3923
1.49E+00,0.4393
1.49E+00,0.3056
1.49E+00,0.4005
1.49E+00,0.4522
1.50E+00,0.3808
1.50E+00,0.3571
1.50E+00,0.5172
1.50E+00,0.4386
1.50E+00,0.4956
1.50E+00,0.5733
1.50E+00,0.62
1.50E+00,0.5458
1.50E+00,0.459
1.50E+00,0.3671
1.51E+00,0.4677
1.51E+00,0.6582
1.51E+00,0.6274
1.51E+00,0.5643
1.51E+00,0.4583
1.51E+00,0.6606
1.51E+00,0.6439
1.51E+00,0.6566
1.51E+00,0.5701
1.51E+00,0.5669
1.52E+00,0.6591
1.52E+00,0.6552
1.52E+00,0.6068
1.52E+00,0.6375
1.52E+00,0.6109
1.52E+00,0.6603
1.52E+00,0.7112
1.52E+00,0.6971
1.52E+00,0.7342
1.52E+00,0.7074
1.53E+00,0.6776
1.53E+00,0.679
1.53E+00,0.6898
1.53E+00,0.7185
1.53E+00,0.7153
1.53E+00,0.7108
1.53E+00,0.7102
1.53E+00,0.7301
1.53E+00,0.7461
1.53E+00,0.7356
1.54E+00,0.7223
1.54E+00,0.7347
1.54E+00,0.7327
1.54E+00,0.7462
1.54E+00,0.7414
1.54E+00,0.7464
1.54E+00,0.7459
1.54E+00,0.7363
1.54E+00,0.7453
1.54E+00,0.7395
1.55E+00,0.7503
1.55E+00,0.7482
1.55E+00,0.7546
1.55E+00,0.7549
1.55E+00,0.7592
1.55E+00,0.7582
1.55E+00,0.7566
1.55E+00,0.7479
1.55E+00,0.7584
1.55E+00,0.7574
1.56E+00,0.7594
1.56E+00,0.7596
1.56E+00,0.7598
1.56E+00,0.7606
1.56E+00,0.7601
1.56E+00,0.76
1.56E+00,0.7612
1.56E+00,0.7573
1.56E+00,0.7579
1.56E+00,0.7589
1.57E+00,0.7615
1.57E+00,0.7601
1.57E+00,0.7602
1.57E+00,0.7547
1.57E+00,0.7466
1.57E+00,0.724
1.57E+00,0.6984
1.57E+00,0.6984
1.57E+00,0.7
1.57E+00,0.7205
1.58E+00,0.7488
1.58E+00,0.7416
1.58E+00,0.7234
1.58E+00,0.7232
1.58E+00,0.7147
1.58E+00,0.7322
1.58E+00,0.7395
1.58E+00,0.7469
1.58E+00,0.7486
1.58E+00,0.7595
1.59E+00,0.7633
1.59E+00,0.7626
1.59E+00,0.7606
1.59E+00,0.7678
1.59E+00,0.7698
1.59E+00,0.7675
1.59E+00,0.7667
1.59E+00,0.7648
1.59E+00,0.7687
1.59E+00,0.7663
1.60E+00,0.7676
1.60E+00,0.7671
1.60E+00,0.7626
1.60E+00,0.7628
1.60E+00,0.7526
1.60E+00,0.7392
1.60E+00,0.7166
1.60E+00,0.7066
1.60E+00,0.7087
1.60E+00,0.7211
1.61E+00,0.75
1.61E+00,0.7596
1.61E+00,0.739
1.61E+00,0.7263
1.61E+00,0.7194
1.61E+00,0.7313
1.61E+00,0.7382
1.61E+00,0.7481
1.61E+00,0.7536
1.61E+00,0.7608
1.62E+00,0.7668
1.62E+00,0.7679
1.62E+00,0.7682
1.62E+00,0.772
1.62E+00,0.7698
1.62E+00,0.7755
1.62E+00,0.7757
1.62E+00,0.776
1.62E+00,0.7766
1.62E+00,0.7757
1.63E+00,0.7753
1.63E+00,0.7758
1.63E+00,0.7772
1.63E+00,0.7755
1.63E+00,0.7773
1.63E+00,0.7761
1.63E+00,0.7744
1.63E+00,0.7733
1.63E+00,0.7681
1.63E+00,0.7773
1.64E+00,0.7687
1.64E+00,0.7729
1.64E+00,0.7729
1.64E+00,0.7662
1.64E+00,0.7712
1.64E+00,0.7549
1.64E+00,0.7661
1.64E+00,0.768
1.64E+00,0.7511
1.64E+00,0.7754
1.65E+00,0.7583
1.65E+00,0.7519
1.65E+00,0.7764
1.65E+00,0.7559
1.65E+00,0.7631
1.65E+00,0.771
1.65E+00,0.7459
1.65E+00,0.7641
1.65E+00,0.7653
1.65E+00,0.7591
1.66E+00,0.7753
1.66E+00,0.7666
1.66E+00,0.7686
1.66E+00,0.7767
1.66E+00,0.78
1.66E+00,0.7795
1.66E+00,0.775
1.66E+00,0.7608
1.66E+00,0.7754
1.66E+00,0.7765
1.67E+00,0.754
1.67E+00,0.6915
1.67E+00,0.7579
1.67E+00,0.7783
1.67E+00,0.7678
1.67E+00,0.7797
1.67E+00,0.7761
1.67E+00,0.7805
1.67E+00,0.7844
1.67E+00,0.7745
1.68E+00,0.7719
1.68E+00,0.7728
1.68E+00,0.7714
1.68E+00,0.7638
1.68E+00,0.7814
1.68E+00,0.7782
1.68E+00,0.7783
1.68E+00,0.7877
1.68E+00,0.7861
1.68E+00,0.7396
1.69E+00,0.7832
1.69E+00,0.786
1.69E+00,0.7667
1.69E+00,0.7822
1.69E+00,0.7823
1.69E+00,0.757
1.69E+00,0.7131
1.69E+00,0.7643
1.69E+00,0.7863
1.69E+00,0.7653
1.70E+00,0.7852
1.70E+00,0.7766
1.70E+00,0.6756
1.70E+00,0.7708
1.70E+00,0.7721
1.70E+00,0.762
1.70E+00,0.7163
1.70E+00,0.7861
1.70E+00,0.7719
1.70E+00,0.7665
1.71E+00,0.7747
1.71E+00,0.7522
1.71E+00,0.7334
1.71E+00,0.703
1.71E+00,0.6767
1.71E+00,0.7733
1.71E+00,0.7676
1.71E+00,0.7854
1.71E+00,0.7709
1.71E+00,0.6835
1.72E+00,0.7157
1.72E+00,0.7111
1.72E+00,0.7771
1.72E+00,0.7881
1.72E+00,0.79
1.72E+00,0.7739
1.72E+00,0.6312
1.72E+00,0.7194
1.72E+00,0.727
1.72E+00,0.6145
1.73E+00,0.657
1.73E+00,0.7404
1.73E+00,0.7666
1.73E+00,0.7453
1.73E+00,0.6812
1.73E+00,0.7849
1.73E+00,0.7687
1.73E+00,0.5332
1.73E+00,0.6923
1.73E+00,0.7752
1.74E+00,0.7321
1.74E+00,0.5723
1.74E+00,0.6406
1.74E+00,0.7607
1.74E+00,0.7464
1.74E+00,0.6701
1.74E+00,0.5888
1.74E+00,0.652
1.74E+00,0.7653
1.74E+00,0.6889
1.75E+00,0.6785
1.75E+00,0.6967
1.75E+00,0.3571
1.75E+00,0.6508
1.75E+00,0.7543
1.75E+00,0.7531
1.75E+00,0.6463
1.75E+00,0.6326
1.75E+00,0.7439
1.75E+00,0.7646
1.76E+00,0.5506
1.76E+00,0.63
1.76E+00,0.4539
1.76E+00,0.6262
1.76E+00,0.7696
1.76E+00,0.7493
1.76E+00,0.5867
1.76E+00,0.6262
1.76E+00,0.4985
1.76E+00,0.7137
1.77E+00,0.5932
1.77E+00,0.2744
1.77E+00,0.6084
1.77E+00,0.6271
1.77E+00,0.6001
1.77E+00,0.4785
1.77E+00,0.5157
1.77E+00,0.6587
1.77E+00,0.6127
1.77E+00,0.3681
1.78E+00,0.4896
1.78E+00,0.3088
1.78E+00,0.4833
1.78E+00,0.4512
1.78E+00,0.2259
1.78E+00,0.5391
1.78E+00,0.314
1.78E+00,0.4188
1.78E+00,0.5581
1.78E+00,0.2824
1.79E+00,0.147
1.79E+00,0.1957
1.79E+00,0.2137
1.79E+00,0.4559
1.79E+00,0.4486
1.79E+00,0.468
1.79E+00,0.1625
1.79E+00,0.1779
1.79E+00,0.1441
1.79E+00,0.0775
1.80E+00,0.1643
1.80E+00,0.1379
1.80E+00,0.14
1.80E+00,0.1969
1.80E+00,0.2768
1.80E+00,0.0432
1.80E+00,0.0017
1.80E+00,0.0019
1.80E+00,0.0278
1.80E+00,0.0413
1.81E+00,0.1021
1.81E+00,0.0112
1.81E+00,0.0073
1.81E+00,0.0441
1.81E+00,0.0266
1.81E+00,0.0222
1.81E+00,0.0016
1.81E+00,0.0013
1.81E+00,0.0007
1.81E+00,0.0159
1.82E+00,0.0053
1.82E+00,0.0001
1.82E+00,0.0019
1.82E+00,0.0042
1.82E+00,0.0004
1.82E+00,0.0001
1.82E+00,0
1.82E+00,0
1.82E+00,0.0011
1.82E+00,0.0047
1.83E+00,0.0009
1.83E+00,0
1.83E+00,0
1.83E+00,0
1.83E+00,0
1.83E+00,0
1.83E+00,0
1.83E+00,0
1.83E+00,0
1.83E+00,0
1.84E+00,0
1.84E+00,0
1.84E+00,0
1.84E+00,0
1.84E+00,0
1.84E+00,0
1.84E+00,0
1.84E+00,0
1.84E+00,0
1.84E+00,0
1.85E+00,0
1.85E+00,0
1.85E+00,0
1.85E+00,0
1.85E+00,0
1.85E+00,0
1.85E+00,0
1.85E+00,0
1.85E+00,0
1.85E+00,0
1.86E+00,0
1.86E+00,0
1.86E+00,0
1.86E+00,0
1.86E+00,0
1.86E+00,0
1.86E+00,0
1.86E+00,0
1.86E+00,0
1.86E+00,0
1.87E+00,0
1.87E+00,0
1.87E+00,0
1.87E+00,0
1.87E+00,0
1.87E+00,0
1.87E+00,0
1.87E+00,0
1.87E+00,0
1.87E+00,0
1.88E+00,0
1.88E+00,0
1.88E+00,0
1.88E+00,0
1.88E+00,0
1.88E+00,0.0001
1.88E+00,0
1.88E+00,0.0001
1.88E+00,0.0001
1.88E+00,0
1.89E+00,0
1.89E+00,0
1.89E+00,0
1.89E+00,0.0007
1.89E+00,0.0002
1.89E+00,0
1.89E+00,0
1.89E+00,0
1.89E+00,0
1.89E+00,0
1.90E+00,0.0003
1.90E+00,0.0003
1.90E+00,0
1.90E+00,0
1.90E+00,0
1.90E+00,0
1.90E+00,0
1.90E+00,0
1.90E+00,0
1.90E+00,0
1.91E+00,0
1.91E+00,0
1.91E+00,0
1.91E+00,0
1.91E+00,0
1.91E+00,0
1.91E+00,0
1.91E+00,0
1.91E+00,0
1.91E+00,0
1.92E+00,0
1.92E+00,0
1.92E+00,0.0001
1.92E+00,0.001
1.92E+00,0.0002
1.92E+00,0
1.92E+00,0
1.92E+00,0.0003
1.92E+00,0.0006
1.92E+00,0.0001
1.93E+00,0.0021
1.93E+00,0.0023
1.93E+00,0.0001
1.93E+00,0
1.93E+00,0.0002
1.93E+00,0.0005
1.93E+00,0
1.93E+00,0.0024
1.93E+00,0.0022
1.93E+00,0.0006
1.94E+00,0.0252
1.94E+00,0.0071
1.94E+00,0.0019
1.94E+00,0.0011
1.94E+00,0.0004
1.94E+00,0.0029
1.94E+00,0.0016
1.94E+00,0.0432
1.94E+00,0.0818
1.94E+00,0.0141
1.95E+00,0.0086
1.95E+00,0.0416
1.95E+00,0.0477
1.95E+00,0.0128
1.95E+00,0.0247
1.95E+00,0.0404
1.95E+00,0.1154
1.95E+00,0.1598
1.95E+00,0.0321
1.95E+00,0.05
1.96E+00,0.0557
1.96E+00,0.0273
1.96E+00,0.0254
1.96E+00,0.034
1.96E+00,0.0266
1.96E+00,0.177
1.96E+00,0.1418
1.96E+00,0.1452
1.96E+00,0.0579
1.96E+00,0.0866
1.97E+00,0.2019
1.97E+00,0.1587
1.97E+00,0.3535
1.97E+00,0.2177
1.97E+00,0.3515
1.97E+00,0.4728
1.97E+00,0.2712
1.97E+00,0.1618
1.97E+00,0.4158
1.97E+00,0.2401
1.98E+00,0.4193
1.98E+00,0.3486
1.98E+00,0.5764
1.98E+00,0.5277
1.98E+00,0.5409
1.98E+00,0.1682
1.98E+00,0.4824
1.98E+00,0.6485
1.98E+00,0.4985
1.98E+00,0.7097
1.99E+00,0.5633
1.99E+00,0.6391
1.99E+00,0.2966
1.99E+00,0.5687
1.99E+00,0.6485
1.99E+00,0.2697
1.99E+00,0.4999
1.99E+00,0.6884
1.99E+00,0.7519
1.99E+00,0.48
2.00E+00,0.5372
2.00E+00,0.5181
2.00E+00,0.4372
2.00E+00,0.2873
2.00E+00,0.348
2.00E+00,0.301
2.00E+00,0.1904
2.00E+00,0.1438
2.00E+00,0.1482
2.00E+00,0.1158
2.01E+00,0.1134
2.01E+00,0.1258
2.01E+00,0.1808
2.01E+00,0.3092
2.01E+00,0.4468
2.01E+00,0.3005
2.01E+00,0.286
2.01E+00,0.2411
2.01E+00,0.2103
2.01E+00,0.2225
2.02E+00,0.1921
2.02E+00,0.2489
2.02E+00,0.1696
2.02E+00,0.2508
2.02E+00,0.2956
2.02E+00,0.3109
2.02E+00,0.3387
2.02E+00,0.4707
2.02E+00,0.4374
2.02E+00,0.4619
2.03E+00,0.533
2.03E+00,0.6662
2.03E+00,0.6481
2.03E+00,0.499
2.03E+00,0.5691
2.03E+00,0.6925
2.03E+00,0.6834
2.03E+00,0.7551
2.03E+00,0.666
2.03E+00,0.721
2.04E+00,0.7864
2.04E+00,0.7951
2.04E+00,0.7978
2.04E+00,0.7384
2.04E+00,0.7661
2.04E+00,0.5777
2.04E+00,0.7002
2.04E+00,0.7581
2.04E+00,0.7315
2.04E+00,0.6596
2.05E+00,0.7156
2.05E+00,0.7665
2.05E+00,0.7377
2.05E+00,0.6485
2.05E+00,0.6073
2.05E+00,0.5434
2.05E+00,0.5356
2.05E+00,0.4591
2.05E+00,0.5113
2.05E+00,0.4101
2.06E+00,0.4528
2.06E+00,0.4897
2.06E+00,0.4682
2.06E+00,0.4841
2.06E+00,0.5655
2.06E+00,0.6848
2.06E+00,0.5942
2.06E+00,0.5515
2.06E+00,0.4911
2.06E+00,0.5623
2.07E+00,0.5213
2.07E+00,0.4782
2.07E+00,0.5554
2.07E+00,0.5226
2.07E+00,0.566
2.07E+00,0.5491
2.07E+00,0.5441
2.07E+00,0.5787
2.07E+00,0.6469
2.07E+00,0.6564
2.08E+00,0.6496
2.08E+00,0.7058
2.08E+00,0.679
2.08E+00,0.6468
2.08E+00,0.7804
2.08E+00,0.8025
2.08E+00,0.7909
2.08E+00,0.765
2.08E+00,0.7514
2.08E+00,0.7468
2.09E+00,0.6989
2.09E+00,0.764
2.09E+00,0.7849
2.09E+00,0.7881
2.09E+00,0.7814
2.09E+00,0.759
2.09E+00,0.804
2.09E+00,0.8008
2.09E+00,0.7833
2.09E+00,0.7257
2.10E+00,0.8176
2.10E+00,0.827
2.10E+00,0.8214
2.10E+00,0.7658
2.10E+00,0.701
2.10E+00,0.7891
2.10E+00,0.7691
2.10E+00,0.7062
2.10E+00,0.832
2.10E+00,0.8333
2.11E+00,0.8153
2.11E+00,0.827
2.11E+00,0.828
2.11E+00,0.8356
2.11E+00,0.824
2.11E+00,0.7974
2.11E+00,0.8267
2.11E+00,0.7351
2.11E+00,0.8215
2.11E+00,0.84
2.12E+00,0.8247
2.12E+00,0.8216
2.12E+00,0.8324
2.12E+00,0.7831
2.12E+00,0.747
2.12E+00,0.764
2.12E+00,0.8179
2.12E+00,0.8413
2.12E+00,0.8448
2.12E+00,0.7929
2.13E+00,0.7588
2.13E+00,0.8456
2.13E+00,0.7977
2.13E+00,0.7329
2.13E+00,0.8438
2.13E+00,0.8467
2.13E+00,0.8475
2.13E+00,0.8473
2.13E+00,0.8469
2.13E+00,0.8493
2.14E+00,0.8435
2.14E+00,0.7966
2.14E+00,0.8465
2.14E+00,0.8474
2.14E+00,0.84
2.14E+00,0.8451
2.14E+00,0.85
2.14E+00,0.8493
2.14E+00,0.8482
2.14E+00,0.8458
2.15E+00,0.8444
2.15E+00,0.844
2.15E+00,0.8479
2.15E+00,0.8319
2.15E+00,0.8394
2.15E+00,0.8114
2.15E+00,0.7739
2.15E+00,0.7075
2.15E+00,0.744
2.15E+00,0.7877
2.16E+00,0.8152
2.16E+00,0.8353
2.16E+00,0.8429
2.16E+00,0.8249
2.16E+00,0.7686
2.16E+00,0.8065
2.16E+00,0.8188
2.16E+00,0.8301
2.16E+00,0.7126
2.16E+00,0.7184
2.17E+00,0.8434
2.17E+00,0.8311
2.17E+00,0.8192
2.17E+00,0.8028
2.17E+00,0.7376
2.17E+00,0.8374
2.17E+00,0.8495
2.17E+00,0.8409
2.17E+00,0.8159
2.17E+00,0.7554
2.18E+00,0.7882
2.18E+00,0.756
2.18E+00,0.821
2.18E+00,0.8364
2.18E+00,0.7515
2.18E+00,0.8263
2.18E+00,0.8452
2.18E+00,0.8442
2.18E+00,0.6997
2.18E+00,0.7249
2.19E+00,0.619
2.19E+00,0.8288
2.19E+00,0.7767
2.19E+00,0.7205
2.19E+00,0.8315
2.19E+00,0.8038
2.19E+00,0.7964
2.19E+00,0.8507
2.19E+00,0.8506
2.19E+00,0.7908
2.20E+00,0.7199
2.20E+00,0.8199
2.20E+00,0.7933
2.20E+00,0.683
2.20E+00,0.7195
2.20E+00,0.7166
2.20E+00,0.7802
2.20E+00,0.8039
2.20E+00,0.8208
2.20E+00,0.7641
2.21E+00,0.6857
2.21E+00,0.8088
2.21E+00,0.784
2.21E+00,0.8157
2.21E+00,0.8451
2.21E+00,0.8266
2.21E+00,0.8303
2.21E+00,0.8514
2.21E+00,0.8492
2.21E+00,0.8356
2.22E+00,0.769
2.22E+00,0.73
2.22E+00,0.8307
2.22E+00,0.837
2.22E+00,0.8448
2.22E+00,0.8337
2.22E+00,0.8281
2.22E+00,0.8261
2.22E+00,0.8277
2.22E+00,0.8404
2.23E+00,0.796
2.23E+00,0.8154
2.23E+00,0.8125
2.23E+00,0.843
2.23E+00,0.8461
2.23E+00,0.8481
2.23E+00,0.8345
2.23E+00,0.8079
2.23E+00,0.8259
2.23E+00,0.8289
2.24E+00,0.8368
2.24E+00,0.7995
2.24E+00,0.8262
2.24E+00,0.8199
2.24E+00,0.8444
2.24E+00,0.8266
2.24E+00,0.8294
2.24E+00,0.8328
2.24E+00,0.8337
2.24E+00,0.8018
2.25E+00,0.8439
2.25E+00,0.8118
2.25E+00,0.7694
2.25E+00,0.836
2.25E+00,0.8402
2.25E+00,0.8258
2.25E+00,0.8225
2.25E+00,0.8263
2.25E+00,0.8269
2.25E+00,0.7971
2.26E+00,0.8115
2.26E+00,0.802
2.26E+00,0.7841
2.26E+00,0.8095
2.26E+00,0.8338
2.26E+00,0.8225
2.26E+00,0.7817
2.26E+00,0.7531
2.26E+00,0.8202
2.26E+00,0.7868
2.27E+00,0.7925
2.27E+00,0.8467
2.27E+00,0.8363
2.27E+00,0.7709
2.27E+00,0.7755
2.27E+00,0.8089
2.27E+00,0.8205
2.27E+00,0.787
2.27E+00,0.8145
2.27E+00,0.8302
2.28E+00,0.7737
2.28E+00,0.7231
2.28E+00,0.7981
2.28E+00,0.8246
2.28E+00,0.8392
2.28E+00,0.8362
2.28E+00,0.7617
2.28E+00,0.8153
2.28E+00,0.7381
2.28E+00,0.7667
2.29E+00,0.7853
2.29E+00,0.8303
2.29E+00,0.8303
2.29E+00,0.8248
2.29E+00,0.7985
2.29E+00,0.7291
2.29E+00,0.808
2.29E+00,0.8032
2.29E+00,0.8032
2.29E+00,0.7918
2.30E+00,0.7728
2.30E+00,0.766
2.30E+00,0.8215
2.30E+00,0.7723
2.30E+00,0.7437
2.30E+00,0.7621
2.30E+00,0.7457
2.30E+00,0.7832
2.30E+00,0.7886
2.30E+00,0.7327
2.31E+00,0.7573
2.31E+00,0.7894
2.31E+00,0.7564
2.31E+00,0.7961
2.31E+00,0.7934
2.31E+00,0.7796
2.31E+00,0.8264
2.31E+00,0.7888
2.31E+00,0.8477
2.31E+00,0.8448
2.32E+00,0.8098
2.32E+00,0.7159
2.32E+00,0.5491
2.32E+00,0.5973
2.32E+00,0.7332
2.32E+00,0.7548
2.32E+00,0.7555
2.32E+00,0.5908
2.32E+00,0.5287
2.32E+00,0.6815
2.33E+00,0.8075
2.33E+00,0.7975
2.33E+00,0.8164
2.33E+00,0.7018
2.33E+00,0.7622
2.33E+00,0.8005
2.33E+00,0.6946
2.33E+00,0.7453
2.33E+00,0.7976
2.33E+00,0.785
2.34E+00,0.6978
2.34E+00,0.7451
2.34E+00,0.8108
2.34E+00,0.7139
2.34E+00,0.6465
2.34E+00,0.5198
2.34E+00,0.5587
2.34E+00,0.5398
2.34E+00,0.7581
2.34E+00,0.7455
2.35E+00,0.6061
2.35E+00,0.7053
2.35E+00,0.6464
2.35E+00,0.6399
2.35E+00,0.6921
2.35E+00,0.5888
2.35E+00,0.5448
2.35E+00,0.2546
2.35E+00,0.5414
2.35E+00,0.7144
2.36E+00,0.7297
2.36E+00,0.6435
2.36E+00,0.6196
2.36E+00,0.6063
2.36E+00,0.5703
2.36E+00,0.7877
2.36E+00,0.7844
2.36E+00,0.7189
2.36E+00,0.7192
2.36E+00,0.4178
2.37E+00,0.7507
2.37E+00,0.7742
2.37E+00,0.6144
2.37E+00,0.5775
2.37E+00,0.4695
2.37E+00,0.508
2.37E+00,0.1969
2.37E+00,0.3894
2.37E+00,0.5775
2.37E+00,0.7123
2.38E+00,0.7368
2.38E+00,0.558
2.38E+00,0.4722
2.38E+00,0.3278
2.38E+00,0.5593
2.38E+00,0.5452
2.38E+00,0.5771
2.38E+00,0.6816
2.38E+00,0.3418
2.38E+00,0.194
2.39E+00,0.5609
2.39E+00,0.3316
2.39E+00,0.5853
2.39E+00,0.3784
2.39E+00,0.5955
2.39E+00,0.6546
2.39E+00,0.4406
2.39E+00,0.3345
2.39E+00,0.6586
2.39E+00,0.6371
2.40E+00,0.5929
2.40E+00,0.5973
2.40E+00,0.2537
2.40E+00,0.5153
2.40E+00,0.6842
2.40E+00,0.5381
2.40E+00,0.5981
2.40E+00,0.6547
2.40E+00,0.6683
2.40E+00,0.297
2.41E+00,0.4588
2.41E+00,0.4773
2.41E+00,0.2437
2.41E+00,0.3517
2.41E+00,0.569
2.41E+00,0.3186
2.41E+00,0.5733
2.41E+00,0.3407
2.41E+00,0.5273
2.41E+00,0.2501
2.42E+00,0.3296
2.42E+00,0.1134
2.42E+00,0.3892
2.42E+00,0.2922
2.42E+00,0.031
2.42E+00,0.3265
2.42E+00,0.5804
2.42E+00,0.4576
2.42E+00,0.5813
2.42E+00,0.2972
2.43E+00,0.4274
2.43E+00,0.3789
2.43E+00,0.442
2.43E+00,0.6619
2.43E+00,0.6042
2.43E+00,0.5903
2.43E+00,0.6356
2.43E+00,0.5672
2.43E+00,0.2465
2.43E+00,0.2863
2.44E+00,0.0551
2.44E+00,0.0052
2.44E+00,0.224
2.44E+00,0.5201
2.44E+00,0.6058
2.44E+00,0.6319
2.44E+00,0.6429
2.44E+00,0.5288
2.44E+00,0.2978
2.44E+00,0.4902
2.45E+00,0.3187
2.45E+00,0.0269
2.45E+00,0.0422
2.45E+00,0.139
2.45E+00,0.3774
2.45E+00,0.0979
2.45E+00,0.0105
2.45E+00,0.1025
2.45E+00,0.2822
2.45E+00,0.108
2.46E+00,0.1791
2.46E+00,0.4388
2.46E+00,0.4789
2.46E+00,0.5687
2.46E+00,0.4996
2.46E+00,0.4875
2.46E+00,0.4326
2.46E+00,0.1695
2.46E+00,0.0449
2.46E+00,0.2083
2.47E+00,0.4061
2.47E+00,0.3771
2.47E+00,0.3714
2.47E+00,0.1345
2.47E+00,0.2829
2.47E+00,0.3095
2.47E+00,0.143
2.47E+00,0.0082
2.47E+00,0.0059
2.47E+00,0.1574
2.48E+00,0.1781
2.48E+00,0.2397
2.48E+00,0.2753
2.48E+00,0.0956
2.48E+00,0.1137
2.48E+00,0.0617
2.48E+00,0.0111
2.48E+00,0.0595
2.48E+00,0.0586
2.48E+00,0.0056
2.49E+00,0.04
2.49E+00,0.0917
2.49E+00,0.0165
2.49E+00,0.0023
2.49E+00,0.0118
2.49E+00,0.0411
2.49E+00,0.0246
2.49E+00,0.0083
2.49E+00,0.0083
2.49E+00,0.0051
2.50E+00,0.0029
2.50E+00,0.0315
2.50E+00,0.0341
2.50E+00,0.0493
2.50E+00,0.0842
2.50E+00,0.0413
2.50E+00,0.0717
2.50E+00,0.0275
2.50E+00,0.0022
2.50E+00,0.0027
2.51E+00,0.0032
2.51E+00,0.0004
2.51E+00,0.0227
2.51E+00,0.0558
2.51E+00,0.0068
2.51E+00,0.0072
2.51E+00,0.0002
2.51E+00,0.0006
2.51E+00,0.0024
2.51E+00,0.0088
2.52E+00,0.0003
2.52E+00,0
2.52E+00,0
2.52E+00,0.0001
2.52E+00,0.0001
2.52E+00,0.0004
2.52E+00,0.0027
2.52E+00,0.0008
2.52E+00,0.0001
2.52E+00,0
2.53E+00,0
2.53E+00,0
2.53E+00,0
2.53E+00,0
2.53E+00,0
2.53E+00,0
2.53E+00,0
2.53E+00,0
2.53E+00,0
2.53E+00,0
2.54E+00,0
2.54E+00,0
2.54E+00,0
2.54E+00,0
2.54E+00,0
2.54E+00,0
2.54E+00,0
2.54E+00,0
2.54E+00,0
2.54E+00,0
2.55E+00,0
2.55E+00,0
2.55E+00,0
2.55E+00,0
2.55E+00,0
2.55E+00,0
2.55E+00,0
2.55E+00,0
2.55E+00,0
2.55E+00,0
2.56E+00,0
2.56E+00,0
2.56E+00,0
2.56E+00,0
2.56E+00,0
2.56E+00,0
2.56E+00,0
2.56E+00,0
2.56E+00,0
2.56E+00,0
2.57E+00,0
2.57E+00,0
2.57E+00,0
2.57E+00,0
2.57E+00,0
2.57E+00,0
2.57E+00,0
2.57E+00,0
2.57E+00,0
2.57E+00,0
2.58E+00,0
2.58E+00,0
2.58E+00,0
2.58E+00,0
2.58E+00,0
2.58E+00,0
2.58E+00,0
2.58E+00,0
2.58E+00,0
2.58E+00,0
2.59E+00,0
2.59E+00,0
2.59E+00,0
2.59E+00,0
2.59E+00,0
2.59E+00,0
2.59E+00,0
2.59E+00,0
2.59E+00,0
2.59E+00,0
2.60E+00,0
2.60E+00,0
2.60E+00,0
2.60E+00,0
2.60E+00,0
2.60E+00,0
2.60E+00,0
2.60E+00,0
2.60E+00,0
2.60E+00,0
2.61E+00,0
2.61E+00,0
2.61E+00,0
2.61E+00,0
2.61E+00,0
2.61E+00,0
2.61E+00,0
2.61E+00,0
2.61E+00,0
2.61E+00,0
2.62E+00,0
2.62E+00,0
2.62E+00,0
2.62E+00,0
2.62E+00,0
2.62E+00,0
2.62E+00,0
2.62E+00,0
2.62E+00,0
2.62E+00,0
2.63E+00,0
2.63E+00,0
2.63E+00,0
2.63E+00,0
2.63E+00,0
2.63E+00,0
2.63E+00,0
2.63E+00,0
2.63E+00,0
2.63E+00,0
2.64E+00,0
2.64E+00,0
2.64E+00,0
2.64E+00,0
2.64E+00,0
2.64E+00,0
2.64E+00,0
2.64E+00,0
2.64E+00,0
2.64E+00,0
2.65E+00,0
2.65E+00,0
2.65E+00,0
2.65E+00,0
2.65E+00,0
2.65E+00,0
2.65E+00,0
2.65E+00,0
2.65E+00,0
2.65E+00,0
2.66E+00,0
2.66E+00,0
2.66E+00,0
2.66E+00,0
2.66E+00,0
2.66E+00,0
2.66E+00,0
2.66E+00,0
2.66E+00,0
2.66E+00,0
2.67E+00,0
2.67E+00,0
2.67E+00,0
2.67E+00,0
2.67E+00,0
2.67E+00,0
2.67E+00,0
2.67E+00,0
2.67E+00,0
2.67E+00,0
2.68E+00,0
2.68E+00,0
2.68E+00,0
2.68E+00,0
2.68E+00,0
2.68E+00,0
2.68E+00,0
2.68E+00,0
2.68E+00,0
2.68E+00,0
2.69E+00,0
2.69E+00,0
2.69E+00,0
2.69E+00,0
2.69E+00,0
2.69E+00,0
2.69E+00,0
2.69E+00,0
2.69E+00,0
2.69E+00,0
2.70E+00,0
2.70E+00,0
2.70E+00,0
2.70E+00,0
2.70E+00,0
2.70E+00,0
2.70E+00,0
2.70E+00,0
2.70E+00,0
2.70E+00,0
2.71E+00,0
2.71E+00,0
2.71E+00,0
2.71E+00,0
2.71E+00,0
2.71E+00,0
2.71E+00,0
2.71E+00,0
2.71E+00,0
2.71E+00,0
2.72E+00,0
2.72E+00,0
2.72E+00,0
2.72E+00,0
2.72E+00,0
2.72E+00,0
2.72E+00,0
2.72E+00,0
2.72E+00,0
2.72E+00,0
2.73E+00,0
2.73E+00,0
2.73E+00,0
2.73E+00,0
2.73E+00,0
2.73E+00,0
2.73E+00,0
2.73E+00,0
2.73E+00,0
2.73E+00,0
2.74E+00,0
2.74E+00,0
2.74E+00,0
2.74E+00,0
2.74E+00,0
2.74E+00,0
2.74E+00,0
2.74E+00,0
2.74E+00,0
2.74E+00,0
2.75E+00,0
2.75E+00,0
2.75E+00,0
2.75E+00,0
2.75E+00,0
2.75E+00,0
2.75E+00,0
2.75E+00,0
2.75E+00,0
2.75E+00,0
2.76E+00,0
2.76E+00,0
2.76E+00,0
2.76E+00,0
2.76E+00,0
2.76E+00,0
2.76E+00,0
2.76E+00,0
2.76E+00,0
2.76E+00,0
2.77E+00,0
2.77E+00,0
2.77E+00,0
2.77E+00,0
2.77E+00,0
2.77E+00,0
2.77E+00,0
2.77E+00,0
2.77E+00,0
2.77E+00,0
2.78E+00,0
2.78E+00,0
2.78E+00,0
2.78E+00,0
2.78E+00,0
2.78E+00,0
2.78E+00,0
2.78E+00,0
2.78E+00,0
2.78E+00,0
2.79E+00,0
2.79E+00,0
2.79E+00,0
2.79E+00,0
2.79E+00,0
2.79E+00,0
2.79E+00,0
2.79E+00,0
2.79E+00,0
2.79E+00,0
2.80E+00,0
2.80E+00,0
2.80E+00,0
2.80E+00,0
2.80E+00,0
2.80E+00,0
2.80E+00,0
2.80E+00,0
2.80E+00,0
2.80E+00,0
2.81E+00,0
2.81E+00,0
2.81E+00,0
2.81E+00,0
2.81E+00,0
2.81E+00,0
2.81E+00,0
2.81E+00,0
2.81E+00,0
2.81E+00,0
2.82E+00,0
2.82E+00,0
2.82E+00,0
2.82E+00,0
2.82E+00,0
2.82E+00,0
2.82E+00,0
2.82E+00,0
2.82E+00,0
2.82E+00,0
2.83E+00,0
2.83E+00,0
2.83E+00,0
2.83E+00,0
2.83E+00,0
2.83E+00,0
2.83E+00,0
2.83E+00,0
2.83E+00,0
2.83E+00,0
2.84E+00,0
2.84E+00,0
2.84E+00,0
2.84E+00,0
2.84E+00,0
2.84E+00,0
2.84E+00,0
2.84E+00,0
2.84E+00,0
2.84E+00,0.0002
2.85E+00,0.0002
2.85E+00,0
2.85E+00,0
2.85E+00,0
2.85E+00,0
2.85E+00,0
2.85E+00,0
2.85E+00,0
2.85E+00,0
2.85E+00,0
2.86E+00,0
2.86E+00,0
2.86E+00,0
2.86E+00,0
2.86E+00,0
2.86E+00,0
2.86E+00,0
2.86E+00,0.0003
2.86E+00,0.0011
2.86E+00,0.0006
2.87E+00,0.0018
2.87E+00,0.0008
2.87E+00,0
2.87E+00,0
2.87E+00,0
2.87E+00,0
2.87E+00,0
2.87E+00,0
2.87E+00,0
2.87E+00,0.0005
2.88E+00,0.0057
2.88E+00,0.006
2.88E+00,0.0012
2.88E+00,0
2.88E+00,0.0002
2.88E+00,0.0029
2.88E+00,0.0022
2.88E+00,0.003
2.88E+00,0.0047
2.88E+00,0.0014
2.89E+00,0.0006
2.89E+00,0.0058
2.89E+00,0.0014
2.89E+00,0
2.89E+00,0
2.89E+00,0.0007
2.89E+00,0.0031
2.89E+00,0.0027
2.89E+00,0.0034
2.89E+00,0.0229
2.90E+00,0.0579
2.90E+00,0.0381
2.90E+00,0.0583
2.90E+00,0.0349
2.90E+00,0.0041
2.90E+00,0.0001
2.90E+00,0
2.90E+00,0
2.90E+00,0.0002
2.90E+00,0.0003
2.91E+00,0
2.91E+00,0.0006
2.91E+00,0.0012
2.91E+00,0.0054
2.91E+00,0.0079
2.91E+00,0.0118
2.91E+00,0.1004
2.91E+00,0.0505
2.91E+00,0.003
2.91E+00,0.0018
2.92E+00,0.01
2.92E+00,0.0425
2.92E+00,0.011
2.92E+00,0.0228
2.92E+00,0.081
2.92E+00,0.0745
2.92E+00,0.007
2.92E+00,0.0002
2.92E+00,0
2.92E+00,0
2.93E+00,0.0009
2.93E+00,0.0194
2.93E+00,0.0503
2.93E+00,0.1031
2.93E+00,0.0524
2.93E+00,0.0177
2.93E+00,0.104
2.93E+00,0.2179
2.93E+00,0.0815
2.93E+00,0.1254
2.94E+00,0.1039
2.94E+00,0.1827
2.94E+00,0.1072
2.94E+00,0.0035
2.94E+00,0.0061
2.94E+00,0.0167
2.94E+00,0.0595
2.94E+00,0.0212
2.94E+00,0.0027
2.94E+00,0.0014
2.95E+00,0.0297
2.95E+00,0.0387
2.95E+00,0.0053
2.95E+00,0.0006
2.95E+00,0.0534
2.95E+00,0.1331
2.95E+00,0.1677
2.95E+00,0.0963
2.95E+00,0.029
2.95E+00,0.0001
2.96E+00,0.0005
2.96E+00,0.019
2.96E+00,0.1579
2.96E+00,0.1179
2.96E+00,0.042
2.96E+00,0.0474
2.96E+00,0.1389
2.96E+00,0.1148
2.96E+00,0.0538
2.96E+00,0.1612
2.97E+00,0.345
2.97E+00,0.1981
2.97E+00,0.0419
2.97E+00,0.0124
2.97E+00,0.001
2.97E+00,0.0006
2.97E+00,0
2.97E+00,0
2.97E+00,0.0011
2.97E+00,0.0014
2.98E+00,0.0026
2.98E+00,0.0016
2.98E+00,0.0489
2.98E+00,0.0697
2.98E+00,0.0003
2.98E+00,0.0024
2.98E+00,0.0106
2.98E+00,0.037
2.98E+00,0.1791
2.98E+00,0.0934
2.99E+00,0.1503
2.99E+00,0.2841
2.99E+00,0.0964
2.99E+00,0.2539
2.99E+00,0.2401
2.99E+00,0.4424
2.99E+00,0.2714
2.99E+00,0.1073
2.99E+00,0.1126
2.99E+00,0.0961
3.00E+00,0.0781
3.00E+00,0.1013
3.00E+00,0.0045
3.00E+00,0.0117
3.00E+00,0.0513
3.00E+00,0.1602
3.00E+00,0.1331
3.02E+00,0.1082
3.04E+00,0.0661
3.06E+00,0.072
3.08E+00,0.0704
3.10E+00,0.047
3.12E+00,0.1449
3.14E+00,0.1778
3.16E+00,0.323
3.18E+00,0.325
3.20E+00,0.0539
3.22E+00,0.0275
3.24E+00,0.1241
3.26E+00,0.1379
3.28E+00,0.218
3.30E+00,0.1366
3.32E+00,0.1135
3.34E+00,0.2507
3.36E+00,0.2443
3.38E+00,0.3546
3.40E+00,0.4743
3.42E+00,0.542
3.44E+00,0.605
3.46E+00,0.6594
3.48E+00,0.7124
3.50E+00,0.741
3.52E+00,0.7262
3.54E+00,0.6374
3.56E+00,0.6526
3.58E+00,0.6362
3.60E+00,0.6801
3.62E+00,0.7247
3.64E+00,0.7638
3.66E+00,0.7148
3.68E+00,0.5741
3.70E+00,0.774
3.72E+00,0.7625
3.74E+00,0.7354
3.76E+00,0.7181
3.78E+00,0.7237
3.80E+00,0.7438
3.82E+00,0.7621
3.84E+00,0.7684
3.86E+00,0.7448
3.88E+00,0.6906
3.90E+00,0.7432
3.92E+00,0.7289
3.94E+00,0.7661
3.96E+00,0.8033
3.98E+00,0.7999
4.00E+00,0.7809
4.02E+00,0.7436
4.04E+00,0.6981
4.06E+00,0.6783
4.08E+00,0.633
4.10E+00,0.6031
4.12E+00,0.5792
4.14E+00,0.5338
4.16E+00,0.4452
4.18E+00,0.1865
4.20E+00,0.003
4.22E+00,0
4.24E+00,0
4.26E+00,0
4.28E+00,0
4.30E+00,0
4.32E+00,0
4.34E+00,0
4.36E+00,0
4.38E+00,0
4.40E+00,0
4.42E+00,0.0001
4.44E+00,0.0014
4.46E+00,0.0054
4.48E+00,0.026
4.50E+00,0.0804
4.52E+00,0.0506
4.54E+00,0.0804
4.56E+00,0.1539
4.58E+00,0.2868
4.60E+00,0.4792
4.62E+00,0.507
4.64E+00,0.5259
4.66E+00,0.5019
4.68E+00,0.4373
4.70E+00,0.4807
4.72E+00,0.3623
4.74E+00,0.4285
4.76E+00,0.4062
4.78E+00,0.2577
4.80E+00,0.3067
4.82E+00,0.2616
4.84E+00,0.1917
4.86E+00,0.3082
4.88E+00,0.3137
4.90E+00,0.1529
4.92E+00,0.3848
4.94E+00,0.1773
4.96E+00,0.1015
4.98E+00,0.199
5.00E+00,0.178
5.02E+00,0.0274
5.04E+00,0.1585
5.06E+00,0.2212
5.08E+00,0.0722
5.10E+00,0.0377
5.12E+00,0.0446
5.14E+00,0.0081
5.16E+00,0.0173
5.18E+00,0.0312
5.20E+00,0.0036
5.22E+00,0.0001
5.24E+00,0.0004
5.26E+00,0.0072
5.28E+00,0.0012
5.30E+00,0.0009
5.32E+00,0.0034
5.34E+00,0.0005
5.36E+00,0
5.38E+00,0.0001
5.40E+00,0.0001
5.42E+00,0
5.44E+00,0
5.46E+00,0
5.48E+00,0
5.50E+00,0
5.52E+00,0
5.54E+00,0
5.56E+00,0
5.58E+00,0
5.60E+00,0
5.62E+00,0
5.64E+00,0
5.66E+00,0
5.68E+00,0
5.70E+00,0
5.72E+00,0
5.74E+00,0
5.76E+00,0
5.78E+00,0
5.80E+00,0
5.82E+00,0
5.84E+00,0
5.86E+00,0
5.88E+00,0
5.90E+00,0
5.92E+00,0
5.94E+00,0
5.96E+00,0
5.98E+00,0
6.00E+00,0
6.02E+00,0
6.04E+00,0
6.06E+00,0
6.08E+00,0
6.10E+00,0
6.12E+00,0
6.14E+00,0
6.16E+00,0
6.18E+00,0
6.20E+00,0
6.22E+00,0
6.24E+00,0
6.26E+00,0
6.28E+00,0
6.30E+00,0
6.32E+00,0
6.34E+00,0
6.36E+00,0
6.38E+00,0
6.40E+00,0
6.42E+00,0
6.44E+00,0
6.46E+00,0
6.48E+00,0
6.50E+00,0
6.52E+00,0
6.54E+00,0
6.56E+00,0
6.58E+00,0
6.60E+00,0
6.62E+00,0
6.64E+00,0
6.66E+00,0
6.68E+00,0
6.70E+00,0
6.72E+00,0
6.74E+00,0
6.76E+00,0
6.78E+00,0
6.80E+00,0
6.82E+00,0
6.84E+00,0
6.86E+00,0
6.88E+00,0
6.90E+00,0
6.92E+00,0
6.94E+00,0
6.96E+00,0
6.98E+00,0
7.00E+00,0
7.02E+00,0
7.04E+00,0
7.06E+00,0
7.08E+00,0
7.10E+00,0
7.12E+00,0
7.14E+00,0
7.16E+00,0
7.18E+00,0
7.20E+00,0
7.22E+00,0
7.24E+00,0
7.26E+00,0
7.28E+00,0
7.30E+00,0
7.32E+00,0
7.34E+00,0
7.36E+00,0
7.38E+00,0.0001
7.40E+00,0.0004
7.42E+00,0.0007
7.44E+00,0.0011
7.46E+00,0
7.48E+00,0.0001
7.50E+00,0.0044
7.52E+00,0.0102
7.54E+00,0.0123
7.56E+00,0.0052
7.58E+00,0.0001
7.60E+00,0
7.62E+00,0.0016
7.64E+00,0.0042
7.66E+00,0.0031
7.68E+00,0.0239
7.70E+00,0.041
7.72E+00,0.0193
7.74E+00,0.0347
7.76E+00,0.0058
7.78E+00,0.041
7.80E+00,0.0448
7.82E+00,0.1109
7.84E+00,0.0971
7.86E+00,0.0112
7.88E+00,0.0003
7.90E+00,0.0119
7.92E+00,0.0447
7.94E+00,0.0363
7.96E+00,0.1881
7.98E+00,0.1889
8.00E+00,0.3042
8.02E+00,0.2851
8.04E+00,0.1074
8.06E+00,0.3022
8.08E+00,0.3482
8.10E+00,0.6097
8.12E+00,0.6635
8.14E+00,0.4959
8.16E+00,0.1896
8.18E+00,0.3719
8.20E+00,0.2815
8.22E+00,0.491
8.24E+00,0.2959
8.26E+00,0.2724
8.28E+00,0.6202
8.30E+00,0.6775
8.32E+00,0.7184
8.34E+00,0.4108
8.36E+00,0.5456
8.38E+00,0.6659
8.40E+00,0.6036
8.42E+00,0.3217
8.44E+00,0.5073
8.46E+00,0.6545
8.48E+00,0.6317
8.50E+00,0.4417
8.52E+00,0.2633
8.54E+00,0.6436
8.56E+00,0.6805
8.58E+00,0.3742
8.60E+00,0.6533
8.62E+00,0.7102
8.64E+00,0.709
8.66E+00,0.6612
8.68E+00,0.4122
8.70E+00,0.4624
8.72E+00,0.6736
8.74E+00,0.7047
8.76E+00,0.6773
8.78E+00,0.5972
8.80E+00,0.2225
8.82E+00,0.5498
8.84E+00,0.6988
8.86E+00,0.7121
8.88E+00,0.7095
8.90E+00,0.6774
8.92E+00,0.4437
8.94E+00,0.648
8.96E+00,0.7014
8.98E+00,0.6455
9.00E+00,0.5395
9.02E+00,0.635
9.04E+00,0.5279
9.06E+00,0.693
9.08E+00,0.4878
9.10E+00,0.5926
9.12E+00,0.7191
9.14E+00,0.7073
9.16E+00,0.5725
9.18E+00,0.6448
9.20E+00,0.6679
9.22E+00,0.6506
9.24E+00,0.6593
9.26E+00,0.647
9.28E+00,0.6643
9.30E+00,0.5423
9.32E+00,0.5356
9.34E+00,0.6595
9.36E+00,0.579
9.38E+00,0.3585
9.40E+00,0.3684
9.42E+00,0.27
9.44E+00,0.2118
9.46E+00,0.1817
9.48E+00,0.1557
9.50E+00,0.1787
9.52E+00,0.1741
9.54E+00,0.2123
9.56E+00,0.3405
9.58E+00,0.5204
9.60E+00,0.3203
9.62E+00,0.1755
9.64E+00,0.223
9.66E+00,0.2463
9.68E+00,0.2645
9.70E+00,0.2408
9.72E+00,0.2054
9.74E+00,0.2735
9.76E+00,0.2801
9.78E+00,0.2809
9.80E+00,0.3021
9.82E+00,0.2739
9.84E+00,0.3451
9.86E+00,0.3149
9.88E+00,0.3845
9.90E+00,0.3724
9.92E+00,0.4787
9.94E+00,0.4949
9.96E+00,0.5025
9.98E+00,0.558
1.00E+01,0.5348
1.00E+01,0.5941
1.00E+01,0.6435
1.01E+01,0.6581
1.01E+01,0.6718
1.01E+01,0.6787
1.01E+01,0.6901
1.01E+01,0.6975
1.02E+01,0.6694
1.02E+01,0.6791
1.02E+01,0.6802
1.02E+01,0.6749
1.02E+01,0.5676
1.03E+01,0.6163
1.03E+01,0.5813
1.03E+01,0.5965
1.03E+01,0.6784
1.03E+01,0.641
1.04E+01,0.6703
1.04E+01,0.7012
1.04E+01,0.6927
1.04E+01,0.6561
1.04E+01,0.686
1.05E+01,0.6203
1.05E+01,0.6127
1.05E+01,0.6341
1.05E+01,0.6756
1.05E+01,0.571
1.06E+01,0.6078
1.06E+01,0.6353
1.06E+01,0.6647
1.06E+01,0.6369
1.06E+01,0.6639
1.07E+01,0.6731
1.07E+01,0.67
1.07E+01,0.6729
1.07E+01,0.6696
1.07E+01,0.6663
1.08E+01,0.6437
1.08E+01,0.6642
1.08E+01,0.6089
1.08E+01,0.5875
1.08E+01,0.545
1.09E+01,0.5916
1.09E+01,0.6481
1.09E+01,0.627
1.09E+01,0.6656
1.09E+01,0.6183
1.10E+01,0.6594
1.10E+01,0.6287
1.10E+01,0.4733
1.10E+01,0.6193
1.10E+01,0.5992
1.11E+01,0.6587
1.11E+01,0.6604
1.11E+01,0.6628
1.11E+01,0.656
1.11E+01,0.6254
1.12E+01,0.6471
1.12E+01,0.6567
1.12E+01,0.6532
1.12E+01,0.5985
1.12E+01,0.5503
1.13E+01,0.5499
1.13E+01,0.5129
1.13E+01,0.5982
1.13E+01,0.5212
1.13E+01,0.6073
1.14E+01,0.5924
1.14E+01,0.5119
1.14E+01,0.6309
1.14E+01,0.6348
1.14E+01,0.6401
1.15E+01,0.624
1.15E+01,0.4835
1.15E+01,0.6275
1.15E+01,0.6335
1.15E+01,0.6162
1.16E+01,0.4542
1.16E+01,0.6238
1.16E+01,0.6295
1.16E+01,0.613
1.16E+01,0.5821
1.17E+01,0.6205
1.17E+01,0.5823
1.17E+01,0.4036
1.17E+01,0.3412
1.17E+01,0.3051
1.18E+01,0.4331
1.18E+01,0.5386
1.18E+01,0.6038
1.18E+01,0.5986
1.18E+01,0.6061
1.19E+01,0.5948
1.19E+01,0.5255
1.19E+01,0.3755
1.19E+01,0.5454
1.19E+01,0.5937
1.20E+01,0.5371
1.20E+01,0.5914
1.20E+01,0.5983
1.20E+01,0.5964
1.20E+01,0.5906
1.21E+01,0.5629
1.21E+01,0.3323
1.21E+01,0.5121
1.21E+01,0.4674
1.21E+01,0.574
1.22E+01,0.5743
1.22E+01,0.5802
1.22E+01,0.5723
1.22E+01,0.5738
1.22E+01,0.5591
1.23E+01,0.448
1.23E+01,0.2781
1.23E+01,0.5085
1.23E+01,0.5435
1.23E+01,0.5496
1.24E+01,0.4621
1.24E+01,0.2858
1.24E+01,0.4711
1.24E+01,0.4799
1.24E+01,0.2643
1.25E+01,0.357
1.25E+01,0.5065
1.25E+01,0.4121
1.25E+01,0.0902
1.25E+01,0.2832
1.26E+01,0.1627
1.26E+01,0.3191
1.26E+01,0.2712
1.26E+01,0.2775
1.26E+01,0.3942
1.27E+01,0.5102
1.27E+01,0.5136
1.27E+01,0.5
1.27E+01,0.4824
1.27E+01,0.2782
1.28E+01,0.2175
1.28E+01,0.4613
1.28E+01,0.4775
1.28E+01,0.4311
1.28E+01,0.3019
1.29E+01,0.3117
1.29E+01,0.1664
1.29E+01,0.349
1.29E+01,0.4381
1.29E+01,0.4534
1.30E+01,0.4463
1.30E+01,0.3229
1.30E+01,0.2396
1.30E+01,0.3679
1.30E+01,0.3958
1.31E+01,0.3745
1.31E+01,0.4025
1.31E+01,0.3792
1.31E+01,0.3086
1.31E+01,0.3617
1.32E+01,0.2465
1.32E+01,0.288
1.32E+01,0.2685
1.32E+01,0.1283
1.32E+01,0.1036
1.33E+01,0.0599
1.33E+01,0.1147
1.33E+01,0.1684
1.33E+01,0.1152
1.33E+01,0.1304
1.34E+01,0.1134
1.34E+01,0.0745
1.34E+01,0.1659
1.34E+01,0.0539
1.34E+01,0.0355
1.35E+01,0.0975
1.35E+01,0.0008
1.35E+01,0.0082
1.35E+01,0.0288
1.35E+01,0.0195
1.36E+01,0.055
1.36E+01,0.0514
1.36E+01,0.0285
1.36E+01,0.0706
1.36E+01,0.0334
1.37E+01,0.0272
1.37E+01,0.0115
1.37E+01,0.0142
1.37E+01,0.0177
1.37E+01,0.0837
1.38E+01,0.0452
1.38E+01,0.0931
1.38E+01,0.0337
1.38E+01,0.0382
1.38E+01,0.0378
1.39E+01,0.0038
1.39E+01,0
1.39E+01,0
1.39E+01,0.0005
1.39E+01,0.0044
1.40E+01,0.0121
1.40E+01,0.0074
1.40E+01,0.0025